,AlegAATr,AlegAAATr
0,9393.701899999993,8487.18370000002
