,AlegAAATTr,AlegAAATr,AlegAATr,SMAlegAATr
0,6592.256919999998,9539.349900000008,9143.243059999992,6890.259240000029
