,AlegAAATr,AlegAAATTr,AlegAATr,SMAlegAATr
0,9382.06298000006,8557.263339999976,10648.793220000001,8016.877240000044
