,SMAlegAATr,AlegAAATr,AlegAAATTr,AlegAATr
0,9051.537560000115,9002.210120000016,9373.16954,8444.764959999997
