,SMAlegAATr,AlegAATr,AlegAAATTr,AlegAAATr
0,7066.959300000085,8809.008779999998,9770.112520000006,7177.474660000028
