,AlegAATr,AlegAAATr,AlegAAATTr,SMAlegAATr
0,9370.921979999996,8503.39708000002,10478.535239999943,9447.36196000005
