,QAlegAATr,AlegAAATr,AlegAATr
0,8916.828900000057,9002.210120000016,8444.764959999997
