,SMAlegAATr,AlegAAATTr,AlegAAATr,AlegAATr
0,8517.890179999986,8422.579320000008,8674.877299999996,7736.387959999981
