,AlegAATr,AlegAAATr
0,8809.72336,11219.248960000017
