,AlegAATr,AlegAAATr,AlegAAATTr,SMAlegAATr
0,9370.921979999996,8756.059660000039,11251.322299999996,9699.191820000016
