,AlegAAATr,AlegAATr
0,8659.785319999999,7738.330519999982
