,SMAlegAATr,AlegAAATTr,AlegAAATr,AlegAATr
0,9462.373240000037,8668.340600000021,8634.227060000023,7736.387959999981
