,SMAlegAATr,AlegAAATr,AlegAAATTr,AlegAATr
0,9152.025480000058,6397.577440000038,9603.999999999998,8444.764959999997
