,QAlegAATr,AlegAATr,AlegAAATr
0,9552.45802,8809.008779999998,11221.26330000002
