,AlegAAATTr,AlegAAATr,AlegAATr,SMAlegAATr
0,11839.973540000032,10492.717880000077,8843.139940000057,8848.399500000067
