,AlegAAATTr,AlegAAATr,AlegAATr,SMAlegAATr
0,7624.506259999945,8176.407940000007,9143.243059999992,7337.276519999984
