,AlegAAATTr,AlegAAATr,AlegAATr,SMAlegAATr
0,7761.202380000047,12280.923020000062,8843.139940000057,11505.718260000029
