,AlegAAATr,AlegAAATTr,AlegAATr,SMAlegAATr
0,10712.174600000026,11572.357560000046,10648.793220000001,10736.873800000005
