,QAlegAATr,AlegAAATr,AlegAATr
0,9468.846040000033,8674.877299999996,7736.387959999981
