,SMAlegAATr,AlegAATr,AlegAAATTr,AlegAAATr
0,5833.79862000003,8809.008779999998,7740.963859999979,11149.82134000001
