,AlegAAATr,AlegAATr
0,10764.65590000001,8846.347920000055
