,SMAlegAATr,AlegAATr,AlegAAATr,AlegAAATTr
0,7774.067180000056,11325.612460000008,10999.154800000006,11000.011460000007
