,AlegAAATr,AlegAATr,QAlegAATr
0,8176.407940000007,9143.243059999992,6016.362959999959
