,QAlegAATr,AlegAATr,AlegAAATr
0,9935.574059999974,11325.612460000008,11000.871040000004
