,AlegAATr,AlegAAATr,QAlegAATr
0,9370.921979999996,8503.39708000002,9663.021900000012
