,AlegAAATTr,AlegAAATr,AlegAATr,SMAlegAATr
0,6295.414019999992,9362.613319999993,9143.243059999992,6124.181340000028
