,AlegAATr,AlegAAATr,AlegAAATTr,SMAlegAATr
0,9370.921979999996,10928.470419999998,11851.87680000001,9962.822680000016
