,SMAlegAATr,AlegAATr,AlegAAATTr,AlegAAATr
0,6395.836920000021,8809.008779999998,9439.614280000002,11221.26330000002
