,AlegAAATr,AlegAAATTr,AlegAATr,SMAlegAATr
0,9497.113740000013,11365.384500000016,10648.793220000001,10530.38504000008
