,AlegAAATr,AlegAATr,QAlegAATr
0,9497.113740000013,10648.793220000001,10076.2753
