,SMAlegAATr,AlegAAATTr,AlegAAATr,AlegAATr
0,7646.556140000025,10640.887620000023,9715.754320000024,7736.387959999981
