,AlegAAATTr,AlegAAATr,AlegAATr,SMAlegAATr
0,7778.047740000051,10759.260020000014,8843.139940000057,8612.742700000024
