,AlegAAATr,AlegAATr
0,8181.469520000006,9147.814179999987
