,SMAlegAATr,AlegAATr,AlegAAATr,AlegAAATTr
0,8605.988419999947,11325.612460000008,11000.871040000004,11004.293900000006
