,AlegAAATr,AlegAATr,QAlegAATr
0,10759.260020000014,8843.139940000057,8271.100620000052
