,SMAlegAATr,AlegAAATr,AlegAAATTr,AlegAATr
0,11307.56974000008,12748.409400000011,9603.999999999998,8444.764959999997
