,SMAlegAATr,AlegAATr,AlegAAATr,AlegAAATTr
0,8464.366140000006,11325.612460000008,11000.871040000004,11004.296100000005
