,AlegAAATr,AlegAATr
0,9011.448000000019,8441.51494
