,AlegAATr,AlegAAATr
0,11322.079280000007,11004.293900000006
