,AlegAAATr,AlegAATr
0,9456.030500000013,10637.723080000005
